Entry Date,Exit Date,Stock,Trade Type,Shares,Entry Price,Exit Price,Capital Allocated,Stock return,Reason,weight,portfolio return,profit/loss,portfolio value,Cumulative Return
31-12-2013,31-01-2014,TCS.NS,Long,71,874.1686401,903.5460205,62065.97345,0.033606079,End of Period,0.624344087,0.020981757,2085.794008,102085.794,0.020981757
31-12-2013,31-01-2014,INFY.NS,Long,111,337.618988,358.4873962,37475.70767,0.061810529,End of Period,0.375655913,0.023219491,2316.39331,102316.3933,0.044688433
31-01-2014,28-02-2014,TCS.NS,Long,66,903.5460205,917.5360718,59634.03735,0.015483496,End of Period,0.572873181,0.00887008,923.3433858,105343.4681,0.053954903
31-01-2014,28-02-2014,INFY.NS,Long,124,358.4873962,370.4737244,44452.43713,0.033435843,End of Period,0.427126819,0.014281345,1486.304697,105906.4294,0.069006796
28-02-2014,31-03-2014,INFY.NS,Long,117,370.4737244,317.9710388,43345.42575,-0.141717704,End of Period,0.408903288,-0.057948835,-6142.814215,100694.7852,0.007059098
31-03-2014,30-04-2014,TCS.NS,Long,72,860.0428467,882.6408081,61923.08496,0.02627539,End of Period,0.618318916,0.016246571,1627.053221,102273.5382,0.023420355
30-04-2014,30-05-2014,TCS.NS,Long,61,882.6408081,863.3488159,53841.08929,-0.021857127,End of Period,0.534094236,-0.011673766,-1176.811524,101104.8337,0.011473186
30-05-2014,30-06-2014,TCS.NS,Long,60,863.3488159,987.2559204,51800.92895,0.143519169,End of Period,0.518834255,0.074462661,7434.42627,108522.0595,0.086790171
30-05-2014,30-06-2014,RELIANCE.NS,Long,106,457.4855957,436.3021545,48493.47314,-0.046304062,End of Period,0.481165745,-0.022279928,-2245.444767,98842.18851,0.062576563
30-06-2014,31-07-2014,TCS.NS,Long,64,987.2559204,1066.578613,63184.37891,0.080346637,End of Period,0.602653341,0.048421169,5076.652326,111439.3146,0.114027763
30-06-2014,31-07-2014,BAJFINANCE.NS,Long,218,193.2623901,212.7839813,42131.20104,0.101010813,End of Period,0.397346659,0.040136309,4255.706882,110618.3691,0.158740725
31-07-2014,28-08-2014,BAJFINANCE.NS,Long,237,212.7839813,239.8624115,50429.80357,0.127257842,End of Period,0.437350676,0.055656303,6417.587957,122199.4593,0.223231951
31-07-2014,28-08-2014,KOTAKBANK.NS,Long,137,473.9820557,515.6549683,64935.54163,0.087920866,End of Period,0.562649324,0.049468616,5709.189026,121491.0604,0.283743542
28-08-2014,30-09-2014,BAJFINANCE.NS,Long,292,239.8624115,264.1164551,70039.82416,0.101116484,End of Period,0.548137921,0.055425779,7082.180731,135035.6119,0.354896027
28-08-2014,30-09-2014,KOTAKBANK.NS,Long,112,515.6549683,503.5034485,57753.35645,-0.023565214,End of Period,0.451862079,-0.010648227,-1360.970218,126592.4609,0.340468787
30-09-2014,31-10-2014,BAJFINANCE.NS,Long,247,264.1164551,272.5797119,65236.76441,0.032043656,End of Period,0.488663421,0.015658563,2090.42443,135773.2971,0.361458602
30-09-2014,31-10-2014,TCS.NS,Long,60,1131.295532,1080.250488,67877.73192,-0.045120875,End of Period,0.511336579,-0.023071954,-3062.70264,130620.17,0.330047092
31-10-2014,28-11-2014,BAJFINANCE.NS,Long,223,272.5797119,300.0803223,60785.27575,0.100890159,End of Period,0.458678417,0.046276138,6132.636119,138824.4653,0.391596535
28-11-2014,31-12-2014,BAJFINANCE.NS,Long,195,300.0803223,338.1357117,58515.66285,0.126817344,End of Period,0.423141854,0.053661726,7420.800933,146253.0956,0.466272007
28-11-2014,31-12-2014,HDFCBANK.NS,Long,180,442.7023315,440.1352844,79686.41967,-0.005798585,End of Period,0.576858146,-0.003344961,-462.068478,138370.2262,0.461367384
31-12-2014,30-01-2015,BAJFINANCE.NS,Long,251,338.1357117,393.1271973,84872.06364,0.162631404,End of Period,0.583821876,0.094947772,13802.86289,159620.7495,0.600120961
31-12-2014,30-01-2015,KOTAKBANK.NS,Long,96,628.149353,657.1238403,60302.33789,0.046126749,End of Period,0.416178124,0.019196944,2781.550781,148599.4374,0.630838393
30-01-2015,27-02-2015,BAJFINANCE.NS,Long,196,393.1271973,398.6157227,77052.93067,0.013961195,End of Period,0.475047094,0.006632225,1075.750978,163537.9787,0.64165448
30-01-2015,27-02-2015,KOTAKBANK.NS,Long,129,657.1238403,664.8521729,84768.9754,0.011760846,End of Period,0.524952906,0.006173891,996.9549054,163459.1826,0.651789875
27-02-2015,31-03-2015,BAJFINANCE.NS,Long,190,398.6157227,398.7467346,75736.98731,0.000328667,End of Period,0.460893636,0.000151481,24.892261,164567.63,0.652040089
27-02-2015,31-03-2015,KOTAKBANK.NS,Long,133,664.8521729,652.6758423,88425.339,-0.018314343,End of Period,0.539106364,-0.009873379,-1619.45197,162923.2858,0.635728872
31-03-2015,30-04-2015,BAJFINANCE.NS,Long,161,398.7467346,392.5206299,64198.22427,-0.015614184,End of Period,0.395833849,-0.006180622,-1002.402857,161940.6672,0.625619049
31-03-2015,30-04-2015,KOTAKBANK.NS,Long,150,652.6758423,662.4417114,97901.37635,0.014962817,End of Period,0.604166151,0.009040027,1464.880365,164407.9504,0.64031469
30-04-2015,29-05-2015,BAJFINANCE.NS,Long,162,392.5206299,409.2383728,63588.34204,0.042590737,End of Period,0.389791604,0.016601512,2708.27435,166117.2646,0.667546394
30-04-2015,29-05-2015,KOTAKBANK.NS,Long,150,662.4417114,695.4420166,99366.25671,0.049816164,End of Period,0.610208396,0.030398242,4950.04578,168359.0361,0.718236872
29-05-2015,30-06-2015,BAJFINANCE.NS,Long,154,409.2383728,528.3106689,63022.70941,0.290960731,End of Period,0.370212388,0.107717267,18337.1336,189426.3061,0.903320652
29-05-2015,30-06-2015,KOTAKBANK.NS,Long,154,695.4420166,689.2116699,107098.0706,-0.00895883,End of Period,0.629787612,-0.00564216,-959.4733918,170129.6992,0.892581812
30-06-2015,31-07-2015,BAJFINANCE.NS,Long,109,528.3106689,536.7493896,57585.86291,0.015973027,End of Period,0.305853505,0.004885406,919.8205563,189472.9387,0.901827843
30-06-2015,31-07-2015,KOTAKBANK.NS,Long,189,689.2116699,691.6983032,130261.0056,0.003607938,End of Period,0.694146495,0.002504438,469.9736937,189023.0918,0.906590853
31-07-2015,31-08-2015,BAJFINANCE.NS,Long,83,536.7493896,489.0182495,44550.19934,-0.088926305,End of Period,0.235426056,-0.020935569,-3961.684628,185984.8117,0.866675288
31-07-2015,31-08-2015,HDFCBANK.NS,Long,280,518.0264893,478.7894287,145047.417,-0.075743348,End of Period,0.764573944,-0.05791139,-10986.37697,178960.1193,0.758573527
31-08-2015,30-09-2015,BAJFINANCE.NS,Long,82,489.0182495,499.736145,40099.49646,0.021917169,End of Period,0.229981138,0.005040535,878.867431,175848.66,0.767437679
31-08-2015,30-09-2015,HDFCBANK.NS,Long,281,478.7894287,498.0584412,134539.8295,0.040245276,End of Period,0.770018862,0.030989621,5414.592513,180384.3851,0.822209903
30-09-2015,30-10-2015,BAJFINANCE.NS,Long,90,499.736145,508.60849,44976.25305,0.017754059,End of Period,0.249186172,0.004424066,798.51105,182072.4927,0.83027148
30-09-2015,30-10-2015,HDFCBANK.NS,Long,273,498.0584412,512.4111328,135969.9544,0.028817284,End of Period,0.750813828,0.021636415,3918.284807,185192.2664,0.869871994
30-10-2015,30-11-2015,BAJFINANCE.NS,Long,89,508.60849,539.6419067,45266.15561,0.061016317,End of Period,0.245460941,0.014977123,2761.974086,188760.0429,0.897877296
30-10-2015,30-11-2015,HDFCBANK.NS,Long,273,512.4111328,502.2290955,139888.2393,-0.019870835,End of Period,0.754539059,-0.014993321,-2779.696183,183218.3727,0.869421812
30-11-2015,31-12-2015,BAJFINANCE.NS,Long,85,539.6419067,585.3133545,45869.56207,0.084632878,End of Period,0.24870384,0.021048522,3882.073063,189877.1289,0.908770378
30-11-2015,31-12-2015,HDFCBANK.NS,Long,278,502.2290955,504.279541,139619.6885,0.00408269,End of Period,0.75129616,0.003067309,570.023849,186565.0797,0.914625166
31-12-2015,29-01-2016,BAJFINANCE.NS,Long,85,585.3133545,577.3712158,49751.63513,-0.013569037,End of Period,0.262525609,-0.00356222,-675.0817895,189805.3994,0.907804851
29-01-2016,29-02-2016,BAJFINANCE.NS,Long,91,577.3712158,577.7266846,52540.78064,0.000615668,End of Period,0.277969173,0.000171137,32.3476608,189834.2955,0.908131346
29-01-2016,29-02-2016,INFY.NS,Long,290,472.3525391,439.5689087,136982.2363,-0.069405005,End of Period,0.722030827,-0.050112553,-9507.252816,180294.695,0.812510012
29-02-2016,31-03-2016,BAJFINANCE.NS,Long,118,577.7266846,676.2280273,68171.74878,0.17049817,End of Period,0.381049169,0.064968186,11623.15844,191946.1281,0.9302655
29-02-2016,31-03-2016,RELIANCE.NS,Long,265,420.5881348,459.885437,111455.8557,0.093434167,End of Period,0.618950831,0.057831156,10413.78508,190736.7548,1.041894984
31-03-2016,29-04-2016,BAJFINANCE.NS,Long,114,676.2280273,666.9451904,77089.99511,-0.013727377,End of Period,0.382042075,-0.005244435,-1058.243407,201408.2682,1.031186398
31-03-2016,29-04-2016,RELIANCE.NS,Long,272,459.885437,432.3855286,125088.8389,-0.059797302,End of Period,0.617957925,-0.036952217,-7479.975085,194986.5366,0.956129558
29-04-2016,31-05-2016,BAJFINANCE.NS,Long,70,666.9451904,741.1393433,46686.16333,0.111244753,End of Period,0.243826292,0.027124396,5193.590703,199116.6934,1.00918839
29-04-2016,31-05-2016,INFY.NS,Long,299,489.869751,506.3122864,146471.0555,0.033565117,End of Period,0.756173708,0.025381059,4916.318085,198839.4207,1.060183718
31-05-2016,30-06-2016,BAJFINANCE.NS,Long,67,741.1393433,780.975708,49656.336,0.053750169,End of Period,0.24637407,0.013242648,2669.036435,206774.1597,1.087466006
31-05-2016,30-06-2016,INFY.NS,Long,303,506.3122864,480.2727356,153412.6228,-0.051429822,End of Period,0.75362593,-0.038758847,-7889.983892,196215.1394,1.006558229
30-06-2016,29-07-2016,HDFCBANK.NS,Long,201,552.7226563,585.4927979,111097.2539,0.05928858,End of Period,0.558933014,0.033138345,6586.798462,205483.9347,1.073052248
29-07-2016,31-08-2016,HDFCBANK.NS,Long,260,585.4927979,606.6347656,152228.1275,0.036109697,End of Period,0.741340235,0.026769571,5496.911602,210985.1697,1.128546968
30-09-2016,28-10-2016,BAJFINANCE.NS,Long,50,1032.057983,1048.332275,51602.89915,0.015768777,End of Period,0.240302218,0.003789272,813.7146,217450.8929,1.136612612
30-09-2016,28-10-2016,RELIANCE.NS,Long,345,476.8253479,464.1753845,164504.745,-0.026529553,End of Period,0.759697782,-0.020154443,-4364.237373,212272.9409,1.093550376
28-10-2016,30-11-2016,BAJFINANCE.NS,Long,49,1048.332275,899.03125,51368.28147,-0.142417656,End of Period,0.244757272,-0.034857757,-7315.750225,205776.1237,1.020573906
30-11-2016,30-12-2016,HDFCBANK.NS,Long,288,563.5991211,566.6999512,162316.5469,0.005501836,End of Period,0.79032882,0.00434826,893.0390688,206557.0082,1.029359886
30-12-2016,31-01-2017,HDFCBANK.NS,Long,294,566.6999512,604.4971924,166609.7857,0.066697096,End of Period,0.806858473,0.053815117,11112.38891,217670.6384,1.138570126
30-12-2016,31-01-2017,SBIN.NS,Long,170,233.3886871,242.85672,39676.07681,0.04056766,End of Period,0.193141527,0.0078353,1609.565593,208167.8151,1.155326464
31-01-2017,28-02-2017,SBIN.NS,Long,279,242.85672,251.1120453,67757.02488,0.033992575,End of Period,0.309699196,0.010527473,2303.235759,221595.8875,1.178016606
31-01-2017,28-02-2017,HDFCBANK.NS,Long,250,604.4971924,653.1002197,151124.2981,0.080402404,End of Period,0.690300804,0.055501844,12150.75683,231443.4086,1.298900543
28-02-2017,31-03-2017,HDFCBANK.NS,Long,261,653.1002197,677.7424927,170459.1573,0.037731228,End of Period,0.730000525,0.027543816,6431.633253,240204.0291,1.362221037
28-02-2017,31-03-2017,SBIN.NS,Long,251,251.1120453,273.6860046,63029.12337,0.089895964,End of Period,0.269999475,0.024271863,5666.063784,239438.4596,1.419556542
31-03-2017,28-04-2017,HDFCBANK.NS,Long,238,677.7424927,726.5805664,161302.7133,0.072059926,End of Period,0.657207324,0.047358311,11623.46154,257508.9327,1.534142653
28-04-2017,31-05-2017,SBIN.NS,Long,362,270.2812805,271.3607178,97841.82354,0.003993755,End of Period,0.379972699,0.001517518,390.7563026,257920.9481,1.53798826
28-04-2017,31-05-2017,HDFCBANK.NS,Long,219,726.5805664,768.7235718,159121.144,0.058001834,End of Period,0.620027301,0.035962721,9229.318183,266759.51,1.629261223
31-05-2017,30-06-2017,HDFCBANK.NS,Long,204,768.7235718,781.3277588,156819.6086,0.016396254,End of Period,0.587916385,0.009639626,2571.254148,269753.739,1.654606319
31-05-2017,30-06-2017,SBIN.NS,Long,405,271.3607178,257.5715027,109901.0907,-0.050815075,End of Period,0.412083615,-0.02094006,-5584.632115,261597.8527,1.599018704
30-06-2017,31-07-2017,HDFCBANK.NS,Long,242,781.3277588,843.921936,189081.3176,0.080112573,End of Period,0.717677732,0.05749501,15147.79088,279310.9979,1.74844931
30-06-2017,31-07-2017,RELIANCE.NS,Long,122,607.1965942,716.3335571,74077.98449,0.179739089,End of Period,0.282322268,0.050744347,13314.70947,277477.9165,1.887917577
31-07-2017,31-08-2017,HDFCBANK.NS,Long,268,843.921936,840.1620483,226171.0788,-0.004455255,End of Period,0.773383191,-0.00344562,-1007.649904,291748.4128,1.877966911
31-07-2017,31-08-2017,RELIANCE.NS,Long,92,716.3335571,707.1531982,65902.68725,-0.01281576,End of Period,0.226616809,-0.002904267,-844.5930188,291911.4697,1.869608528
31-08-2017,29-09-2017,BHARTIARTL.NS,Long,356,370.5531311,337.4137878,131916.9147,-0.089432096,End of Period,0.454669796,-0.040662073,-11797.60621,279099.4888,1.752924297
31-08-2017,29-09-2017,HDFCBANK.NS,Long,188,840.1620483,853.9956665,157950.4651,0.016465417,End of Period,0.545330204,0.008979089,2600.720222,293497.8152,1.777643049
29-09-2017,31-10-2017,HDFCBANK.NS,Long,214,853.9956665,855.3198853,182755.0726,0.001550615,End of Period,0.649190249,0.001006644,283.3828232,281963.9899,1.780439148
29-09-2017,31-10-2017,BHARTIARTL.NS,Long,292,337.4137878,430.7668457,98524.82604,0.276672327,End of Period,0.350809751,0.09705935,27259.09291,308939.6999,2.050306765
31-10-2017,30-11-2017,HDFCBANK.NS,Long,208,855.3198853,876.6969604,177906.5361,0.024993076,End of Period,0.576482254,0.014408065,4446.431621,313750.3275,2.094255783
31-10-2017,30-11-2017,HINDUNILVR.NS,Long,117,1115.722046,1154.744263,130539.4794,0.034974855,End of Period,0.423517746,0.014812472,4565.599389,313869.4953,2.140089359
30-11-2017,29-12-2017,HDFCBANK.NS,Long,318,876.6969604,885.5410156,278789.6334,0.010087927,End of Period,0.876138471,0.008838421,2812.409554,321154.3313,2.167842792
30-11-2017,29-12-2017,RELIANCE.NS,Long,48,817.4061279,816.9625244,39235.49414,-0.000542697,End of Period,0.123861529,-6.72E-05,-21.292968,318320.6288,2.167629852
29-12-2017,31-01-2018,HDFCBANK.NS,Long,249,885.5410156,948.5844727,220499.7129,0.071192024,End of Period,0.687989797,0.048979386,15697.82082,336831.9839,2.322778417
29-12-2017,31-01-2018,HINDUNILVR.NS,Long,80,1241.319824,1242.680908,99305.58592,0.001096481,End of Period,0.312010203,0.000342113,108.88672,321243.0498,2.323915184
31-01-2018,28-02-2018,HDFCBANK.NS,Long,241,948.5844727,891.1218262,228608.8579,-0.060577258,End of Period,0.680971376,-0.041251379,-13848.49781,323124.4837,2.186799099
31-01-2018,28-02-2018,HINDUNILVR.NS,Long,86,1242.680908,1195.854004,106870.5581,-0.037682163,End of Period,0.319028624,-0.012021688,-4027.113744,332945.8678,2.148488393
28-02-2018,28-03-2018,HDFCBANK.NS,Long,222,891.1218262,892.0203857,197829.0454,0.001008346,End of Period,0.620444884,0.000625623,199.480209,319220.8774,2.150458161
28-02-2018,28-03-2018,HINDUNILVR.NS,Long,101,1195.854004,1210.010986,120781.2544,0.011838387,End of Period,0.379555116,0.00449332,1429.855182,320451.2523,2.164614179
28-03-2018,30-04-2018,HDFCBANK.NS,Long,222,892.0203857,919.5457764,198028.5256,0.030857356,End of Period,0.61943804,0.01911422,6110.636735,326765.0864,2.225103311
28-03-2018,30-04-2018,HINDUNILVR.NS,Long,100,1210.010986,1369.322266,121001.0986,0.131661019,End of Period,0.38056196,0.050105176,15931.128,336585.5777,2.386697679
30-04-2018,31-05-2018,HINDUNILVR.NS,Long,75,1369.322266,1462.385742,102699.17,0.067963166,End of Period,0.299905741,0.020382544,6979.7607,349829.7177,2.455727192
30-04-2018,31-05-2018,HDFCBANK.NS,Long,261,919.5457764,1018.303589,240001.4476,0.107398473,End of Period,0.700094259,0.075189055,25775.78909,368625.7461,2.715560052
31-05-2018,29-06-2018,HINDUNILVR.NS,Long,106,1462.385742,1500.576172,155012.8887,0.026115155,End of Period,0.412743057,0.010778849,4048.18558,379664.8609,2.755609512
29-06-2018,31-07-2018,HINDUNILVR.NS,Long,144,1500.576172,1583.324341,216082.9688,0.055144264,End of Period,0.571662154,0.031523889,11915.73634,391581.127,2.87400093
31-07-2018,31-08-2018,HINDUNILVR.NS,Long,139,1583.324341,1627.624146,220082.0834,0.027978983,End of Period,0.565287201,0.015816161,6157.672895,397791.5932,2.935272752
31-07-2018,31-08-2018,INFY.NS,Long,289,587.2877808,619.9840698,169726.1687,0.055673368,End of Period,0.434712799,0.024201926,9449.227521,401083.1478,3.030513931
31-08-2018,28-09-2018,INFY.NS,Long,383,619.9840698,628.1581421,237453.8987,0.013184326,End of Period,0.583880272,0.007698068,3130.669691,410437.0302,3.061541102
31-08-2018,28-09-2018,HINDUNILVR.NS,Long,104,1627.624146,1470.631348,169272.9112,-0.096455191,End of Period,0.416119728,-0.040136908,-16327.25099,390979.1095,2.898523401
28-09-2018,31-10-2018,INFY.NS,Long,514,628.1581421,597.0317993,322873.285,-0.049551762,End of Period,0.819724479,-0.040618792,-15998.9402,378094.8745,2.740170088
28-09-2018,31-10-2018,TCS.NS,Long,36,1932.04834,1718.407837,69553.74024,-0.110577204,End of Period,0.180275521,-0.019934363,-7691.058108,386402.7566,2.66561218
31-10-2018,30-11-2018,INFY.NS,Long,326,597.0317993,580.5491333,194632.3666,-0.027607685,End of Period,0.525752067,-0.014514798,-5373.349116,364856.8416,2.612406561
30-11-2018,31-12-2018,HINDUNILVR.NS,Long,104,1612.912964,1673.282349,167742.9483,0.037428793,End of Period,0.460007172,0.017217513,6278.41604,371134.7905,2.674603218
30-11-2018,31-12-2018,INFY.NS,Long,339,580.5491333,573.1558228,196806.1562,-0.01273503,End of Period,0.539992828,-0.006876825,-2506.332259,362350.0422,2.649333616
31-12-2018,31-01-2019,HINDUNILVR.NS,Long,102,1673.282349,1621.418823,170674.7996,-0.030995083,End of Period,0.467357087,-0.014485772,-5290.079652,363339.1609,2.596470202
31-12-2018,31-01-2019,INFY.NS,Long,342,573.1558228,655.5437622,196019.2914,0.143744399,End of Period,0.532642913,0.076564435,28176.67527,396805.9158,2.871831912
31-01-2019,28-02-2019,INFY.NS,Long,308,655.5437622,642.2062988,201907.4788,-0.020345649,End of Period,0.516050379,-0.01049938,-4107.938727,387405.3124,2.831180078
31-01-2019,28-02-2019,HINDUNILVR.NS,Long,116,1621.418823,1593.280396,188084.5835,-0.0173542,End of Period,0.483949621,-0.008398559,-3264.057532,388249.1936,2.799003687
28-02-2019,28-03-2019,BAJFINANCE.NS,Long,37,2600.329834,2940.807373,96212.20386,0.130936289,End of Period,0.256847269,0.033630628,12597.66894,396712.1267,2.926766568
28-03-2019,30-04-2019,ICICIBANK.NS,Long,630,385.3127747,391.9983521,242747.0481,0.01735104,End of Period,0.612206616,0.010622422,4211.913762,401244.382,2.968478338
28-03-2019,30-04-2019,BAJFINANCE.NS,Long,52,2940.807373,3039.067871,152921.9834,0.033412762,End of Period,0.387793384,0.012957248,5109.545896,402142.0142,3.019898897
30-04-2019,31-05-2019,ICICIBANK.NS,Long,642,391.9983521,407.5821838,251662.942,0.03975484,End of Period,0.619613011,0.024632616,10004.81995,416399.1827,3.118919523
30-04-2019,31-05-2019,BAJFINANCE.NS,Long,50,3039.067871,3403.398926,151953.3936,0.1198825,End of Period,0.380386989,0.045601743,18216.55275,424610.9155,3.306749434
31-05-2019,28-06-2019,ICICIBANK.NS,Long,656,407.5821838,420.4724121,267373.9126,0.031626084,End of Period,0.615635126,0.019470128,8455.989765,443393.2002,3.390602397
31-05-2019,28-06-2019,BAJFINANCE.NS,Long,49,3403.398926,3613.467041,166766.5474,0.061723036,End of Period,0.384364874,0.023724167,10293.33764,445230.5481,3.494765781
28-06-2019,31-07-2019,ICICIBANK.NS,Long,689,420.4724121,410.4432373,289705.4919,-0.023852159,End of Period,0.639379911,-0.015250591,-6910.101437,446813.9152,3.426217945
31-07-2019,30-08-2019,ICICIBANK.NS,Long,403,410.4432373,395.9916992,165408.6246,-0.03520959,End of Period,0.370711893,-0.013052614,-5823.969854,440980.4873,3.368444232
31-07-2019,30-08-2019,INFY.NS,Long,399,703.9180298,722.7655029,280863.2939,0.026775096,End of Period,0.629288107,0.01684925,7520.141767,454324.5989,3.44204924
30-08-2019,30-09-2019,ICICIBANK.NS,Long,484,395.9916992,419.2398376,191659.9824,0.058708651,End of Period,0.427377158,0.025090736,11252.09899,459752.91,3.553503526
30-08-2019,30-09-2019,INFY.NS,Long,355,722.7655029,714.5613403,256581.7535,-0.011351071,End of Period,0.572622842,-0.006499883,-2912.477723,445588.3333,3.523906288
30-09-2019,31-10-2019,ICICIBANK.NS,Long,761,419.2398376,447.6112671,319041.5164,0.067673506,End of Period,0.698937716,0.047299565,21590.65785,478429.4819,3.73788509
30-09-2019,31-10-2019,BAJFINANCE.NS,Long,34,3978.673828,3960.481445,135274.9102,-0.004572474,End of Period,0.301062284,-0.001376599,-618.541022,456220.283,3.731362919
31-10-2019,29-11-2019,ICICIBANK.NS,Long,498,447.6112671,495.5092163,222910.411,0.107007917,End of Period,0.467272258,0.050001831,23853.1787,501671.3965,3.967939728
31-10-2019,29-11-2019,BHARTIARTL.NS,Long,705,360.7421265,426.4805908,254323.1992,0.182231183,End of Period,0.532727742,0.097079606,46345.61733,524163.8351,4.450225361
29-11-2019,31-12-2019,ICICIBANK.NS,Long,643,495.5092163,520.932312,318612.4261,0.051307009,End of Period,0.582021973,0.029861806,16347.05054,564443.4585,4.612978936
29-11-2019,31-12-2019,BHARTIARTL.NS,Long,537,426.4805908,439.3486938,229020.0773,0.030172775,End of Period,0.417978027,0.012611557,6910.171311,555006.5793,4.68376734
31-12-2019,31-01-2020,ICICIBANK.NS,Long,635,520.932312,508.124115,330792.0181,-0.024587066,End of Period,0.579036644,-0.014236812,-8133.205095,563242.7009,4.602848613
31-12-2019,31-01-2020,BHARTIARTL.NS,Long,547,439.3486938,478.5315247,240323.7355,0.089183902,End of Period,0.420963356,0.037543155,21433.0085,592808.9145,4.813197226
31-01-2020,28-02-2020,BHARTIARTL.NS,Long,576,478.5315247,504.6052246,275634.1582,0.054486901,End of Period,0.472197914,0.025728601,15018.45114,599711.0398,4.962762658
31-01-2020,28-02-2020,ICICIBANK.NS,Long,607,508.124115,480.6710205,308431.3378,-0.054028324,End of Period,0.527802086,-0.028516262,-16664.02836,568028.5603,4.792726954
28-02-2020,31-03-2020,BHARTIARTL.NS,Long,572,504.6052246,424.9865112,288634.1885,-0.157784164,End of Period,0.495669396,-0.078208781,-45541.90406,537520.7598,4.33968484
31-03-2020,30-04-2020,BHARTIARTL.NS,Long,402,424.9865112,495.7372742,170844.5775,0.166477667,End of Period,0.318190606,0.05297163,28441.80673,565903.8503,4.622536649
31-03-2020,30-04-2020,HINDUNILVR.NS,Long,171,2139.956055,2043.595459,365932.4854,-0.045029241,End of Period,0.681809394,-0.030701359,-16477.66192,520984.3817,4.449917131
30-04-2020,29-05-2020,BHARTIARTL.NS,Long,275,495.7372742,532.6549072,136327.7504,0.074470158,End of Period,0.248965523,0.018540502,10152.34908,559583.8178,4.55096133
30-04-2020,29-05-2020,HINDUNILVR.NS,Long,201,2043.595459,1915.439941,410762.6873,-0.062710806,End of Period,0.751034477,-0.047097977,-25759.25912,523672.2096,4.289522279
29-05-2020,30-06-2020,BHARTIARTL.NS,Long,253,532.6549072,539.6432495,134761.6915,0.013119831,End of Period,0.252623836,0.003314382,1768.050602,535509.1437,4.307053777
29-05-2020,30-06-2020,HINDUNILVR.NS,Long,208,1915.439941,2043.481689,398411.5077,0.066847175,End of Period,0.747376164,0.049959985,26632.68358,560373.7767,4.572194103
30-06-2020,31-07-2020,BHARTIARTL.NS,Long,261,539.6432495,534.8237305,140846.8881,-0.008930935,End of Period,0.250623552,-0.002238303,-1257.894459,560917.9174,4.559721846
30-06-2020,31-07-2020,HINDUNILVR.NS,Long,206,2043.481689,2080.366455,420957.2279,0.018049962,End of Period,0.749376448,0.013526216,7598.261796,569774.0737,4.634923845
31-07-2020,31-08-2020,BHARTIARTL.NS,Long,255,534.8237305,496.3565979,136380.0513,-0.07192488,End of Period,0.240409436,-0.01729142,-9809.118813,558712.4849,4.537488011
31-07-2020,31-08-2020,HINDUNILVR.NS,Long,207,2080.366455,1993.241455,430635.8562,-0.041879641,End of Period,0.759590564,-0.03181138,-18034.875,550486.7287,4.361332876
31-08-2020,30-09-2020,RELIANCE.NS,Long,102,1894.444946,2034.340942,193233.3845,0.073845374,End of Period,0.359257986,0.02652954,14269.39159,554874.9928,4.503566573
30-09-2020,30-10-2020,RELIANCE.NS,Long,75,2034.340942,1870.59021,152575.5707,-0.080493259,End of Period,0.278337475,-0.02240429,-12281.3049,542666.3144,4.380263069
30-09-2020,30-10-2020,TCS.NS,Long,172,2316.061523,2486.968506,398362.582,0.073792074,End of Period,0.721662525,0.053252974,29396.00108,584343.6204,4.66677808
30-10-2020,27-11-2020,INFY.NS,Long,185,986.1391602,1022.77301,182435.7446,0.037148763,End of Period,0.320219099,0.011895743,6777.262213,578844.2853,4.734188618
30-10-2020,27-11-2020,TCS.NS,Long,156,2486.968506,2500.780273,387967.0869,0.005553656,End of Period,0.679780901,0.003775269,2154.635652,574221.6587,4.755836723
27-11-2020,31-12-2020,INFY.NS,Long,164,1022.77301,1167.634888,167734.7736,0.141636391,End of Period,0.289814004,0.04104821,23757.34799,604789.2405,4.992103516
27-11-2020,31-12-2020,TCS.NS,Long,165,2500.780273,2671.658936,412628.745,0.068330139,End of Period,0.710185996,0.048527108,28194.97939,609226.8719,5.282882968
31-12-2020,29-01-2021,INFY.NS,Long,153,1167.634888,1152.060791,178648.1379,-0.013338157,End of Period,0.283388296,-0.003779877,-2382.836841,630695.1718,5.25913444
31-12-2020,29-01-2021,TCS.NS,Long,169,2671.658936,2909.189941,451510.3602,0.088907683,End of Period,0.716611704,0.063712286,40142.73985,673220.7485,5.657918204
29-01-2021,26-02-2021,TCS.NS,Long,171,2909.189941,2706.243164,497471.4799,-0.06976058,End of Period,0.741939491,-0.051758129,-34703.89887,636315.9996,5.313316814
29-01-2021,26-02-2021,INFY.NS,Long,150,1152.060791,1165.310425,172809.1187,0.011500812,End of Period,0.258060509,0.002967905,1987.4451,673007.3436,5.33205414
26-02-2021,31-03-2021,TCS.NS,Long,167,2706.243164,2971.368896,451942.6084,0.097968185,End of Period,0.711291766,0.069683964,44275.99724,682556.6847,5.77329677
26-02-2021,31-03-2021,INFY.NS,Long,158,1165.310425,1272.004272,184119.0471,0.091558305,End of Period,0.288708234,0.026433637,16857.62783,655138.3153,5.952339635
31-03-2021,30-04-2021,INFY.NS,Long,163,1272.004272,1259.265869,207336.6963,-0.010014434,End of Period,0.297759146,-0.002981889,-2076.359689,697554.3356,5.931608527
30-04-2021,31-05-2021,TCS.NS,Long,183,2838.408936,2968.333496,519428.8353,0.045773728,End of Period,0.746540699,0.034171951,23776.19448,721320.6685,6.168475116
30-04-2021,31-05-2021,INFY.NS,Long,140,1259.265869,1309.884033,176297.2217,0.040196566,End of Period,0.253459301,0.010188194,7086.54296,704631.017,6.241508928
31-05-2021,30-06-2021,TCS.NS,Long,183,2968.333496,3143.662109,543205.0298,0.059066346,End of Period,0.747002607,0.044122714,32085.13618,760572.7841,6.561023958
31-05-2021,30-06-2021,INFY.NS,Long,140,1309.884033,1485.678589,183383.7646,0.134206198,End of Period,0.252997393,0.033953818,24611.23784,753098.8858,6.817749592
30-06-2021,30-07-2021,TCS.NS,Long,189,3143.662109,2982.626709,594152.1386,-0.051225416,End of Period,0.756626094,-0.038758487,-30435.6906,754929.7469,6.514745449
30-06-2021,30-07-2021,INFY.NS,Long,128,1485.678589,1513.591553,190166.8594,0.018788023,End of Period,0.243373906,0.004572515,3572.859392,788938.2969,6.549106733
30-07-2021,31-08-2021,INFY.NS,Long,329,1513.591553,1603.767822,497971.6209,0.059577677,End of Period,0.658469745,0.039230098,29667.9925,788184.9492,6.845258929
30-07-2021,31-08-2021,ICICIBANK.NS,Long,391,661.6762695,697.111084,258715.4214,0.053553099,End of Period,0.341530255,0.018290003,13855.01247,772371.9692,6.988748742
31-08-2021,30-09-2021,INFY.NS,Long,331,1603.767822,1574.398315,530847.1491,-0.018312817,End of Period,0.66252466,-0.012132693,-9721.306817,792425.6221,6.891823706
31-08-2021,30-09-2021,TCS.NS,Long,75,3565.507813,3555.243652,267413.086,-0.002878737,End of Period,0.33747534,-0.000971503,-769.812075,801377.1169,6.884156776
30-09-2021,29-10-2021,INFY.NS,Long,302,1574.398315,1581.287476,475468.2911,0.004375742,End of Period,0.60068744,0.002628453,2080.526622,793715.9651,6.904879914
30-09-2021,29-10-2021,ICICIBANK.NS,Long,465,679.4663696,777.5786743,315951.8619,0.144396116,End of Period,0.39931256,0.057659183,45622.22169,837257.6601,7.36066883
29-10-2021,30-11-2021,INFY.NS,Long,350,1581.287476,1623.859619,553450.6166,0.026922456,End of Period,0.660448287,0.01778089,14900.25005,854261.5177,7.509328964
29-10-2021,30-11-2021,ICICIBANK.NS,Long,366,777.5786743,692.5545044,284593.7948,-0.109344781,End of Period,0.339551713,-0.037128208,-31118.84618,808242.4214,7.19339283
30-11-2021,31-12-2021,INFY.NS,Long,304,1623.859619,1789.881714,493653.3242,0.102239192,End of Period,0.599960558,0.061339482,50470.71688,873592.5955,7.695971306
30-11-2021,31-12-2021,BHARTIARTL.NS,Long,458,717.7125854,673.9057617,328712.3641,-0.061036722,End of Period,0.400039442,-0.024417096,-20063.52525,803058.3534,7.483640937
31-12-2021,31-01-2022,INFY.NS,Long,300,1789.881714,1646.188721,536964.5142,-0.08028072,End of Period,0.630403013,-0.050609208,-43107.8979,810405.6046,7.054290589
31-12-2021,31-01-2022,BHARTIARTL.NS,Long,468,673.9057617,718.7473755,315387.8965,0.066539888,End of Period,0.369596987,0.024592942,20985.87526,874499.3777,7.252369291
31-01-2022,28-02-2022,INFY.NS,Long,398,1646.188721,1626.656738,655183.111,-0.011864972,End of Period,0.789991129,-0.009373223,-7773.729234,823534.5391,7.175017997
28-02-2022,31-03-2022,INFY.NS,Long,269,1626.656738,1807.991577,437570.6625,0.111477016,End of Period,0.531773026,0.05928047,48779.07169,872295.3026,7.659636907
28-02-2022,31-03-2022,BHARTIARTL.NS,Long,569,676.5666504,744.0262451,384966.4241,0.09970872,End of Period,0.468226974,0.046686312,38384.50938,861900.7402,8.063923419
31-03-2022,29-04-2022,BHARTIARTL.NS,Long,576,744.0262451,728.3070679,428559.1172,-0.021127181,End of Period,0.471012477,-0.009951166,-9054.246067,901727.35,7.973726814
29-04-2022,31-05-2022,RELIANCE.NS,Long,202,2549.335938,2405.343018,514965.8595,-0.056482521,End of Period,0.573318628,-0.032382481,-29086.56984,872631.6874,7.683135273
31-05-2022,30-06-2022,RELIANCE.NS,Long,215,2405.343018,2371.538086,517148.7489,-0.0140541,End of Period,0.593665293,-0.008343432,-7268.06038,865250.3223,7.610688128
30-06-2022,29-07-2022,RELIANCE.NS,Long,217,2371.538086,2292.780518,514623.7647,-0.033209489,End of Period,0.597230513,-0.01983372,-17090.39226,848148.193,7.439906149
29-07-2022,30-08-2022,RELIANCE.NS,Long,220,2292.780518,2418.049561,504411.714,0.054636299,End of Period,0.595783662,0.032551415,27559.18946,875636.8748,7.714637033
29-07-2022,30-08-2022,BHARTIARTL.NS,Long,513,668.1403809,719.2692871,342756.0154,0.076524197,End of Period,0.404216338,0.030932331,26229.12888,874306.8142,7.984201068
30-08-2022,30-09-2022,ICICIBANK.NS,Long,299,865.3898315,840.7145996,258751.5596,-0.028513429,End of Period,0.287692776,-0.008203108,-7377.894338,894538.9388,7.9105027
30-09-2022,31-10-2022,ICICIBANK.NS,Long,327,840.7145996,886.2614136,274913.6741,0.054176309,End of Period,0.307811114,0.01667607,14893.80818,909412.1204,8.059094867
30-09-2022,31-10-2022,BHARTIARTL.NS,Long,781,791.829834,823.605896,618419.1004,0.040129913,End of Period,0.692188886,0.027777479,24817.10442,919335.4166,8.310733688
31-10-2022,30-11-2022,HINDUNILVR.NS,Long,171,2470.803955,2617.714111,422507.4763,0.059458443,End of Period,0.453150344,0.026943614,25121.63668,959404.463,8.561598502
30-11-2022,30-12-2022,SBIN.NS,Long,736,581.2191772,592.0726929,427777.3144,0.018673705,End of Period,0.446256457,0.008333262,7988.187555,967443.9696,8.641277804
30-12-2022,31-01-2023,SBIN.NS,Long,796,592.0726929,533.9942627,471289.8635,-0.098093411,End of Period,0.487360348,-0.047806839,-46230.43044,921220.7476,8.180358787
30-12-2022,31-01-2023,ICICIBANK.NS,Long,570,868.8521729,811.3578491,495245.7386,-0.066172734,End of Period,0.512639652,-0.033922767,-32771.76457,934679.4135,7.868935612
31-01-2023,28-02-2023,ICICIBANK.NS,Long,451,811.3578491,833.7410889,365922.3899,0.027587383,End of Period,0.41219862,0.011371481,10094.84115,898476.6152,7.969788547
28-02-2023,31-03-2023,HINDUNILVR.NS,Long,208,2399.567383,2496.79248,499110.0157,0.040517761,End of Period,0.557071051,0.022571272,20222.82018,918706.8109,8.172248079
28-02-2023,31-03-2023,ICICIBANK.NS,Long,477,833.7410889,855.5880127,397694.4994,0.026203487,End of Period,0.442928949,0.011606283,10420.98265,908904.9733,8.278703786
31-03-2023,28-04-2023,ICICIBANK.NS,Long,449,855.5880127,894.9904175,384159.0177,0.046053012,End of Period,0.413849633,0.019059022,17691.67976,946883.656,8.455546806
28-04-2023,31-05-2023,HDFCBANK.NS,Long,447,1645.98938,1589.149414,735757.2529,-0.034532401,End of Period,0.777846743,-0.026860916,-25407.4648,921494.0018,8.201562157
28-04-2023,31-05-2023,ICICIBANK.NS,Long,235,894.9904175,925.7126465,210322.7481,0.03432688,End of Period,0.222153257,0.007625828,7219.723815,954121.1904,8.27173169
31-05-2023,30-06-2023,SBIN.NS,Long,763,570.286438,563.4019165,435128.5522,-0.012072041,End of Period,0.468984236,-0.005661597,-5252.889905,923434.8439,8.219238881
31-05-2023,30-06-2023,HINDUNILVR.NS,Long,189,2601.331055,2632.998535,491651.5694,0.012173568,End of Period,0.531015764,0.006464356,5985.15372,934672.8875,8.278835327
30-06-2023,31-07-2023,ICICIBANK.NS,Long,273,911.5218506,973.6489258,248845.4652,0.068157527,End of Period,0.268451722,0.018297006,16960.69153,946393.938,8.448610228
31-07-2023,31-08-2023,BHARTIARTL.NS,Long,547,880.921814,851.6539307,481864.2323,-0.033224155,End of Period,0.509599207,-0.016931003,-16009.53217,930429.5596,8.288635777
31-07-2023,31-08-2023,ICICIBANK.NS,Long,476,973.6489258,950.5667725,463456.8887,-0.023706854,End of Period,0.490400793,-0.01162586,-10987.10497,935451.9868,8.180647396
31-08-2023,29-09-2023,BHARTIARTL.NS,Long,488,851.6539307,921.2659912,415607.1182,0.081737497,End of Period,0.452385761,0.03697688,33970.68552,953382.4453,8.520119091
31-08-2023,29-09-2023,ICICIBANK.NS,Long,529,950.5667725,943.7752686,502849.8227,-0.007144689,End of Period,0.547614239,-0.003912533,-3592.705563,915819.0543,8.482871307
29-09-2023,31-10-2023,BHARTIARTL.NS,Long,661,921.2659912,909.3325195,608956.8202,-0.01295334,End of Period,0.641307012,-0.008307068,-7888.024794,941923.4839,8.404096452
29-09-2023,31-10-2023,SBIN.NS,Long,578,588.6780396,556.2223511,340255.9069,-0.055133174,End of Period,0.358692988,-0.019775883,-18759.38795,931052.1207,8.218122143
31-10-2023,30-11-2023,BHARTIARTL.NS,Long,445,909.3325195,1009.076599,404652.9712,0.109689335,End of Period,0.439034349,0.048157386,44386.11538,967524.1144,8.662042808
31-10-2023,30-11-2023,ICICIBANK.NS,Long,570,907.5371704,926.9699097,517296.1871,0.02141261,End of Period,0.560965651,0.012011739,11076.6614,934214.6604,8.77810074
30-11-2023,29-12-2023,BAJFINANCE.NS,Long,52,7086.325684,7291.147461,368488.9356,0.028903805,End of Period,0.37903082,0.010955433,10650.7324,989333.1365,8.885224068
29-12-2023,31-01-2024,BHARTIARTL.NS,Long,390,1026.479614,1164.212036,400327.0495,0.134179403,End of Period,0.404704822,0.054303052,53715.64458,1043119.938,9.4220219
29-12-2023,31-01-2024,TCS.NS,Long,157,3748.63623,3779.636475,588535.8881,0.008269739,End of Period,0.595295178,0.004922936,4867.038465,994271.3321,9.473328847
31-01-2024,29-02-2024,BHARTIARTL.NS,Long,168,1164.212036,1117.124512,195587.622,-0.040445832,End of Period,0.186976131,-0.007562405,-7910.704032,1040092.036,9.394125291
31-01-2024,29-02-2024,ICICIBANK.NS,Long,835,1019.374451,1043.219116,851177.6666,0.023391468,End of Period,0.813023869,0.019017822,19910.29527,1067913.035,9.591798915
29-02-2024,28-03-2024,BHARTIARTL.NS,Long,183,1117.124512,1221.791138,204433.7857,0.093692892,End of Period,0.193081864,0.018090398,19153.99256,1079162.041,9.783408775
29-02-2024,28-03-2024,ICICIBANK.NS,Long,819,1043.219116,1083.968384,854396.456,0.039061083,End of Period,0.806918136,0.031519096,33373.65049,1093381.699,10.12329207
28-03-2024,30-04-2024,BHARTIARTL.NS,Long,317,1221.791138,1314.971924,387307.7907,0.076265724,End of Period,0.348627454,0.026588325,29538.30916,1142132.82,10.41904178
28-03-2024,30-04-2024,RELIANCE.NS,Long,244,2961.648193,2924.075684,722642.1591,-0.012686351,End of Period,0.651372546,-0.008263541,-9167.692196,1103426.819,10.32468006
30-04-2024,31-05-2024,BHARTIARTL.NS,Long,168,1314.971924,1365.142334,220915.2832,0.038153218,End of Period,0.195876378,0.007473314,8428.62888,1141411.195,10.40931295
31-05-2024,28-06-2024,BHARTIARTL.NS,Long,177,1365.142334,1436.047241,241630.1931,0.051939571,End of Period,0.212039243,0.011013227,12550.16854,1153999.869,10.53496631
31-05-2024,28-06-2024,ICICIBANK.NS,Long,809,1111.481567,1189.360962,899188.5877,0.070068094,End of Period,0.787960757,0.055210908,63004.43055,1204454.131,11.17182228
28-06-2024,31-07-2024,BHARTIARTL.NS,Long,181,1436.047241,1483.284058,259924.5506,0.032893637,End of Period,0.21416737,0.007044744,8549.863877,1225591.084,11.25756965
28-06-2024,31-07-2024,ICICIBANK.NS,Long,804,1189.360962,1204.530518,956246.2134,0.012754375,End of Period,0.78583263,0.010022804,12196.32302,1229237.543,11.38042487
31-07-2024,30-08-2024,BHARTIARTL.NS,Long,153,1483.284058,1589.050049,226942.4609,0.071305284,End of Period,0.184187992,0.013133577,16182.19662,1253995.326,11.54302413
31-07-2024,30-08-2024,ICICIBANK.NS,Long,838,1204.530518,1229.199951,1009396.574,0.020480538,End of Period,0.815812008,0.016708269,20672.98485,1258486.115,11.75259635
